Tipo;CodigoSingular;NomeSingular;TipoSingular;RegistroANS;CodigoTipoRecebimento;DescricaoTipoRecebimento;NumeroDocumento;Descricao;ValorBruto;TaxaAdministrativa;Subtotal;IRRF;OutrosTributos;ValorLiquido
A receber;26;Uniodonto Sao Jose do Rio Preto;Operadora;303259;5;Juros;10617;ATUARIO;121,22;0;121,22;0;0;121,22
A receber;94;Uniodonto Sao Jose do Rio Pardo;Operadora;378682;4;Fundo de Marketing;10616;MARKETING;102;0;102;0;0;102
A receber;94;Uniodonto Sao Jose do Rio Pardo;Operadora;378682;3;Taxa de Manutenção;10616;MANUTENÇÃO;510;0;510;0;0;510
A receber;28;Uniodonto Sao Carlos;Operadora;335525;4;Fundo de Marketing;10615;MARKETING;229,5;0;229,5;0;0;229,5
A receber;28;Uniodonto Sao Carlos;Operadora;335525;3;Taxa de Manutenção;10615;MANUTENÇÃO;1147,5;0;1147,5;0;0;1147,5
A receber;65;Uniodonto Rio Claro;Operadora;349011;5;Juros;10613;LGPD;1392,68;0;1392,68;0;0;1392,68
A receber;65;Uniodonto Rio Claro;Operadora;349011;4;Fundo de Marketing;10613;MARKETING;153;0;153;0;0;153
A receber;65;Uniodonto Rio Claro;Operadora;349011;3;Taxa de Manutenção;10613;MANUTENÇÃO;765;0;765;0;0;765
A receber;65;Uniodonto Rio Claro;Operadora;349011;5;Juros;10613;ATUARIO;121,22;0;121,22;0;0;121,22
A receber;75;Uniodonto Presidente Prudente;Operadora;336017;4;Fundo de Marketing;10612;MARKETING;255;0;255;0;0;255
A receber;75;Uniodonto Presidente Prudente;Operadora;336017;3;Taxa de Manutenção;10612;MANUTENÇÃO;1275;0;1275;0;0;1275
A receber;75;Uniodonto Presidente Prudente;Operadora;336017;5;Juros;10612;ATUARIO;121,22;0;121,22;0;0;121,22
A receber;144;Uniodonto Pirassununga;Operadora;378941;4;Fundo de Marketing;10611;MARKETING;71,4;0;71,4;0;0;71,4
A receber;144;Uniodonto Pirassununga;Operadora;378941;3;Taxa de Manutenção;10611;MANUTENÇÃO;357;0;357;0;0;357
A receber;16;Uniodonto Piracicaba;Operadora;346004;4;Fundo de Marketing;10610;MARKETING;612;0;612;0;0;612
A receber;16;Uniodonto Piracicaba;Operadora;346004;3;Taxa de Manutenção;10610;MANUTENÇÃO;3060;0;3060;0;0;3060
A receber;16;Uniodonto Piracicaba;Operadora;346004;5;Juros;10610;ATUARIO;121,22;0;121,22;0;0;121,22
A receber;129;Uniodonto Pindamonhangaba;Operadora;331104;4;Fundo de Marketing;10609;MARKETING;229,5;0;229,5;0;0;229,5
A receber;129;Uniodonto Pindamonhangaba;Operadora;331104;3;Taxa de Manutenção;10609;MANUTENÇÃO;1147,5;0;1147,5;0;0;1147,5
A receber;105;Uniodonto Monte Alto;Operadora;336238;4;Fundo de Marketing;10608;MARKETING;51;0;51;0;0;51
A receber;105;Uniodonto Monte Alto;Operadora;336238;3;Taxa de Manutenção;10608;MANUTENÇÃO;255;0;255;0;0;255
A receber;105;Uniodonto Monte Alto;Operadora;336238;5;Juros;10608;COFINS;70,24;0;70,24;0;0;70,24
A receber;84;Uniodonto Lins;Operadora;344681;4;Fundo de Marketing;10606;MARKETING;102;0;102;0;0;102
A receber;84;Uniodonto Lins;Operadora;344681;3;Taxa de Manutenção;10606;MANUTENÇÃO;510;0;510;0;0;510
A receber;43;Uniodonto Limeira;Operadora;369462;4;Fundo de Marketing;10605;MARKETING;153;0;153;0;0;153
A receber;43;Uniodonto Limeira;Operadora;369462;3;Taxa de Manutenção;10605;MANUTENÇÃO;765;0;765;0;0;765
A receber;43;Uniodonto Limeira;Operadora;369462;5;Juros;10605;ATUARIO;121,22;0;121,22;0;0;121,22
A receber;34;Uniodonto Jundiai;Operadora;347795;4;Fundo de Marketing;10604;MARKETING;346,8;0;346,8;0;0;346,8
A receber;34;Uniodonto Jundiai;Operadora;347795;3;Taxa de Manutenção;10604;MANUTENÇÃO;1734;0;1734;0;0;1734
A receber;132;Uniodonto Jales;Operadora;309257;4;Fundo de Marketing;10603;MARKETING;51;0;51;0;0;51
A receber;132;Uniodonto Jales;Operadora;309257;3;Taxa de Manutenção;10603;MANUTENÇÃO;255;0;255;0;0;255
A receber;132;Uniodonto Jales;Operadora;309257;5;Juros;10603;COFINS;70,24;0;70,24;0;0;70,24
A receber;79;Uniodonto Jacarei;Operadora;343056;4;Fundo de Marketing;10602;MARKETING;255;0;255;0;0;255
A receber;79;Uniodonto Jacarei;Operadora;343056;3;Taxa de Manutenção;10602;MANUTENÇÃO;1275;0;1275;0;0;1275
A receber;121;Uniodonto Fernandopolis;Operadora;301647;4;Fundo de Marketing;10601;MARKETING;71,4;0;71,4;0;0;71,4
A receber;121;Uniodonto Fernandopolis;Operadora;301647;3;Taxa de Manutenção;10601;MANUTENÇÃO;357;0;357;0;0;357
A receber;121;Uniodonto Fernandopolis;Operadora;301647;5;Juros;10601;ATUARIO;121,22;0;121,22;0;0;121,22
A receber;83;Uniodonto Catanduva;Operadora;354686;4;Fundo de Marketing;10600;MARKETING;255;0;255;0;0;255
A receber;83;Uniodonto Catanduva;Operadora;354686;3;Taxa de Manutenção;10600;MANUTENÇÃO;1275;0;1275;0;0;1275
A receber;83;Uniodonto Catanduva;Operadora;354686;5;Juros;10600;ATUARIO;121,22;0;121,22;0;0;121,22
A receber;8;Uniodonto Campinas;Operadora;350494;4;Fundo de Marketing;10599;MARKETING;652,8;0;652,8;0;0;652,8
A receber;8;Uniodonto Campinas;Operadora;350494;3;Taxa de Manutenção;10599;MANUTENÇÃO;3264;0;3264;0;0;3264
A receber;8;Uniodonto Campinas;Operadora;350494;5;Juros;10599;ATUARIO;121,22;0;121,22;0;0;121,22
A pagar;120;Uniodonto Taquaritinga;Operadora;350290;2;Repasse em Custo Operacional;114992;CO - 04/2025;1039,7;0;1039,7;15,6;0;1024,1
A receber;90;Uniodonto Cacapava;Operadora;347302;5;Juros;10598;LGPD;1392,68;0;1392,68;0;0;1392,68
A receber;90;Uniodonto Cacapava;Operadora;347302;4;Fundo de Marketing;10598;MARKETING;71,4;0;71,4;0;0;71,4
A receber;90;Uniodonto Cacapava;Operadora;347302;3;Taxa de Manutenção;10598;MANUTENÇÃO;357;0;357;0;0;357
A receber;122;Uniodonto Botucatu;Operadora;347477;5;Juros;10596;LGPD;1392,68;0;1392,68;0;0;1392,68
A receber;122;Uniodonto Botucatu;Operadora;347477;4;Fundo de Marketing;10596;MARKETING;153;0;153;0;0;153
A receber;122;Uniodonto Botucatu;Operadora;347477;3;Taxa de Manutenção;10596;MANUTENÇÃO;765;0;765;0;0;765
A receber;51;Uniodonto Bebedouro;Operadora;327093;4;Fundo de Marketing;10595;MARKETING;255;0;255;0;0;255
A receber;51;Uniodonto Bebedouro;Operadora;327093;3;Taxa de Manutenção;10595;MANUTENÇÃO;1275;0;1275;0;0;1275
A receber;51;Uniodonto Bebedouro;Operadora;327093;5;Juros;10595;ATUARIO;121,22;0;121,22;0;0;121,22
A receber;72;Uniodonto Avare;Operadora;311669;5;Juros;10594;LGPD;1392,68;0;1392,68;0;0;1392,68
A receber;72;Uniodonto Avare;Operadora;311669;4;Fundo de Marketing;10594;MARKETING;71,4;0;71,4;0;0;71,4
A receber;72;Uniodonto Avare;Operadora;311669;3;Taxa de Manutenção;10594;MANUTENÇÃO;357;0;357;0;0;357
A receber;76;Uniodonto Athenas Paulista;Operadora;340120;4;Fundo de Marketing;10593;MARKETING;255;0;255;0;0;255
A receber;76;Uniodonto Athenas Paulista;Operadora;340120;3;Taxa de Manutenção;10593;MANUTENÇÃO;1275;0;1275;0;0;1275
A receber;48;Uniodonto Araraquara;Operadora;316997;4;Fundo de Marketing;10592;MARKETING;428,4;0;428,4;0;0;428,4
A receber;48;Uniodonto Araraquara;Operadora;316997;3;Taxa de Manutenção;10592;MANUTENÇÃO;2142;0;2142;0;0;2142
A receber;48;Uniodonto Araraquara;Operadora;316997;5;Juros;10592;ATUARIO;121,22;0;121,22;0;0;121,22
A receber;113;Uniodonto Aracatuba;Operadora;362824;4;Fundo de Marketing;10591;MARKETING;51;0;51;0;0;51
A receber;113;Uniodonto Aracatuba;Operadora;362824;3;Taxa de Manutenção;10591;MANUTENÇÃO;255;0;255;0;0;255
A receber;59;Uniodonto Americana;Operadora;347604;4;Fundo de Marketing;10590;MARKETING;428,4;0;428,4;0;0;428,4
A receber;59;Uniodonto Americana;Operadora;347604;3;Taxa de Manutenção;10590;MANUTENÇÃO;2142;0;2142;0;0;2142
A receber;59;Uniodonto Americana;Operadora;347604;5;Juros;10590;ATUARIO;121,22;0;121,22;0;0;121,22
A pagar;33;Uniodonto Joao Pessoa;Operadora;361569;2;Repasse em Custo Operacional;;20.06.2025;452,51;0;452,51;0;0;452,51
A pagar;75;Uniodonto Presidente Prudente;Operadora;336017;2;Repasse em Custo Operacional;66691/25F;Faturamento de Intercambio Vencimento 20/006/2025;8976,2;0;8976,2;134,64;0;8841,56
A pagar;75;Uniodonto Presidente Prudente;Operadora;336017;1;Repasse em Pré-pagamento;66690/25F;Repasse Intercambio Paulista;4967,36;0;4967,36;74,51;0;4892,85
A receber;100;Uniodonto Votuporanga;Operadora;350630;2;Repasse em Custo Operacional;88401;FATURAMENTO A RECEBER CÂMARA 20.06.2025;71,04;0;71,04;0;0;71,04
A receber;134;Uniodonto Vale Historico;Operadora;382655;2;Repasse em Custo Operacional;88400;FATURAMENTO A RECEBER CÂMARA 20.06.2025;123,58;0;123,58;0;0;123,58
A receber;174;Uniodonto Vale dos Sinos;Operadora;406295;2;Repasse em Custo Operacional;88399;FATURAMENTO A RECEBER CÂMARA 20.06.2025;52,54;0;52,54;0;0;52,54
A pagar;1;UNIODONTO DO BRASIL;Operadora;314315;4;Fundo de Marketing;10146593;FUNDO DE MARKETING;370,26;0;370,26;0;0;370,26
A pagar;1;UNIODONTO DO BRASIL;Operadora;314315;3;Taxa de Manutenção;10146489;TAXA DE MANUTENCAO;925,65;0;925,65;0;0;925,65
A receber;46;Uniodonto Londrina;Operadora;350770;2;Repasse em Custo Operacional;88372;FATURAMENTO 20/06/2025;743,7;0;743,7;11,16;0;732,54
A pagar;105;Uniodonto Monte Alto;Operadora;336238;1;Repasse em Pré-pagamento;746;Repasse em Pré-Pagamento;116,8;0;116,8;0;0;116,8
A pagar;36;Uniodonto Recife;Operadora;305740;2;Repasse em Custo Operacional;202505/0501;mai/25;274,91;0;274,91;0;0;274,91
A receber;100;Uniodonto Votuporanga;Operadora;350630;5;Juros;;CONVENÇÃO FEDERAÇÃO PAULISTA 2025;660;0;660;0;0;660
A receber;134;Uniodonto Vale Historico;Operadora;382655;5;Juros;;CONVENÇÃO FEDERAÇÃO PAULISTA 2025;396;0;396;0;0;396
A receber;134;Uniodonto Vale Historico;Operadora;382655;5;Juros;;CONVENÇÃO FEDERAÇÃO PAULISTA 2025;396;0;396;0;0;396
A receber;128;Uniodonto Taubate;Operadora;319350;5;Juros;;CONVENÇÃO FEDERAÇÃO PAULISTA 2025;198;0;198;0;0;198
A receber;120;Uniodonto Taquaritinga;Operadora;350290;5;Juros;;CONVENÇÃO FEDERAÇÃO PAULISTA 2025;330;0;330;0;0;330
A receber;120;Uniodonto Taquaritinga;Operadora;350290;5;Juros;;CONVENÇÃO FEDERAÇÃO PAULISTA 2025;330;0;330;0;0;330
A receber;31;Uniodonto Sorocaba;Operadora;334243;5;Juros;;CONVENÇÃO FEDERAÇÃO PAULISTA 2025;495;0;495;0;0;495
A receber;31;Uniodonto Sorocaba;Operadora;334243;5;Juros;;CONVENÇÃO FEDERAÇÃO PAULISTA 2025;375;0;375;0;0;375
A receber;31;Uniodonto Sorocaba;Operadora;334243;5;Juros;;CONVENÇÃO FEDERAÇÃO PAULISTA 2025;375;0;375;0;0;375
A receber;85;Uniodonto Sertaozinho;Operadora;373109;5;Juros;;CONVENÇÃO FEDERAÇÃO PAULISTA 2025;330;0;330;0;0;330
A receber;85;Uniodonto Sertaozinho;Operadora;373109;5;Juros;;CONVENÇÃO FEDERAÇÃO PAULISTA 2025;330;0;330;0;0;330
A receber;85;Uniodonto Sertaozinho;Operadora;373109;5;Juros;;CONVENÇÃO FEDERAÇÃO PAULISTA 2025;250;0;250;0;0;250
A receber;66;Uniodonto Sao Jose dos Campos;Operadora;313751;5;Juros;;CONVENÇÃO FEDERAÇÃO PAULISTA 2025;495;0;495;0;0;495
A receber;66;Uniodonto Sao Jose dos Campos;Operadora;313751;5;Juros;;CONVENÇÃO FEDERAÇÃO PAULISTA 2025;495;0;495;0;0;495
A receber;94;Uniodonto Sao Jose do Rio Pardo;Operadora;378682;5;Juros;;CONVENÇÃO FEDERAÇÃO PAULISTA 2025;330;0;330;0;0;330
A receber;94;Uniodonto Sao Jose do Rio Pardo;Operadora;378682;5;Juros;;CONVENÇÃO FEDERAÇÃO PAULISTA 2025;330;0;330;0;0;330
A receber;28;Uniodonto Sao Carlos;Operadora;335525;5;Juros;;CONVENÇÃO FEDERAÇÃO PAULISTA 2025;330;0;330;0;0;330
A receber;65;Uniodonto Rio Claro;Operadora;349011;5;Juros;;CONVENÇÃO FEDERAÇÃO PAULISTA 2025;330;0;330;0;0;330
A receber;65;Uniodonto Rio Claro;Operadora;349011;5;Juros;;CONVENÇÃO FEDERAÇÃO PAULISTA 2025;330;0;330;0;0;330
A receber;65;Uniodonto Rio Claro;Operadora;349011;5;Juros;;CONVENÇÃO FEDERAÇÃO PAULISTA 2025;330;0;330;0;0;330
A receber;129;Uniodonto Pindamonhangaba;Operadora;331104;5;Juros;;CONVENÇÃO FEDERAÇÃO PAULISTA 2025;495;0;495;0;0;495
A receber;34;Uniodonto Jundiai;Operadora;347795;5;Juros;;CONVENÇÃO FEDERAÇÃO PAULISTA 2025;1980;0;1980;0;0;1980
A receber;34;Uniodonto Jundiai;Operadora;347795;5;Juros;;CONVENÇÃO FEDERAÇÃO PAULISTA 2025;1500;0;1500;0;0;1500
A receber;34;Uniodonto Jundiai;Operadora;347795;5;Juros;;CONVENÇÃO FEDERAÇÃO PAULISTA 2025;330;0;330;0;0;330
A receber;79;Uniodonto Jacarei;Operadora;343056;5;Juros;;CONVENÇÃO FEDERAÇÃO PAULISTA 2025;165;0;165;0;0;165
A receber;79;Uniodonto Jacarei;Operadora;343056;5;Juros;;CONVENÇÃO FEDERAÇÃO PAULISTA 2025;165;0;165;0;0;165
A receber;79;Uniodonto Jacarei;Operadora;343056;5;Juros;;CONVENÇÃO FEDERAÇÃO PAULISTA 2025;250;0;250;0;0;250
A receber;79;Uniodonto Jacarei;Operadora;343056;5;Juros;;CONVENÇÃO FEDERAÇÃO PAULISTA 2025;250;0;250;0;0;250
A receber;83;Uniodonto Catanduva;Operadora;354686;5;Juros;;CONVENÇÃO FEDERAÇÃO PAULISTA 2025;330;0;330;0;0;330
A receber;83;Uniodonto Catanduva;Operadora;354686;5;Juros;;CONVENÇÃO FEDERAÇÃO PAULISTA 2025;330;0;330;0;0;330
A receber;83;Uniodonto Catanduva;Operadora;354686;5;Juros;;CONVENÇÃO FEDERAÇÃO PAULISTA 2025;330;0;330;0;0;330
A receber;83;Uniodonto Catanduva;Operadora;354686;5;Juros;;CONVENÇÃO FEDERAÇÃO PAULISTA 2025;165;0;165;0;0;165
A receber;8;Uniodonto Campinas;Operadora;350494;5;Juros;;CONVENÇÃO FEDERAÇÃO PAULISTA 2025;250;0;250;0;0;250
A receber;8;Uniodonto Campinas;Operadora;350494;5;Juros;;CONVENÇÃO FEDERAÇÃO PAULISTA 2025;250;0;250;0;0;250
A receber;8;Uniodonto Campinas;Operadora;350494;5;Juros;;CONVENÇÃO FEDERAÇÃO PAULISTA 2025;250;0;250;0;0;250
A receber;90;Uniodonto Cacapava;Operadora;347302;5;Juros;;CONVENÇÃO FEDERAÇÃO PAULISTA 2025;396;0;396;0;0;396
A receber;51;Uniodonto Bebedouro;Operadora;327093;5;Juros;;CONVENÇÃO FEDERAÇÃO PAULISTA 2025;580;0;580;0;0;580
A receber;51;Uniodonto Bebedouro;Operadora;327093;5;Juros;;CONVENÇÃO FEDERAÇÃO PAULISTA 2025;250;0;250;0;0;250
A receber;51;Uniodonto Bebedouro;Operadora;327093;5;Juros;;CONVENÇÃO FEDERAÇÃO PAULISTA 2025;330;0;330;0;0;330
A receber;72;Uniodonto Avare;Operadora;311669;5;Juros;;CONVENÇÃO FEDERAÇÃO PAULISTA 2025;330;0;330;0;0;330
A receber;76;Uniodonto Athenas Paulista;Operadora;340120;5;Juros;;CONVENÇÃO FEDERAÇÃO PAULISTA 2025;500;0;500;0;0;500
A receber;48;Uniodonto Araraquara;Operadora;316997;5;Juros;;CONVENÇÃO FEDERAÇÃO PAULISTA 2025;750;0;750;0;0;750
A receber;59;Uniodonto Americana;Operadora;347604;5;Juros;;CONVENÇÃO FEDERAÇÃO PAULISTA 2025;990;0;990;0;0;990
A receber;59;Uniodonto Americana;Operadora;347604;5;Juros;;CONVENÇÃO FEDERAÇÃO PAULISTA 2025;990;0;990;0;0;990
A pagar;43;Uniodonto Limeira;Operadora;369462;2;Repasse em Custo Operacional;20679/25F;INTERCAMBIO REF. 05/2025;5080,47;0;5080,47;76,21;0;5004,26
A pagar;43;Uniodonto Limeira;Operadora;369462;1;Repasse em Pré-pagamento;20682/25F;REPASSE REF. 05/2025;2911,24;0;2911,24;43,67;0;2867,57
A receber;100;Uniodonto Votuporanga;Operadora;350630;5;Juros;10624;LGPD;1392,68;0;1392,68;0;0;1392,68
A receber;100;Uniodonto Votuporanga;Operadora;350630;4;Fundo de Marketing;10624;MARKETING;153;0;153;0;0;153
A receber;100;Uniodonto Votuporanga;Operadora;350630;3;Taxa de Manutenção;10624;MANUTENÇÃO;765;0;765;0;0;765
A receber;134;Uniodonto Vale Historico;Operadora;382655;4;Fundo de Marketing;10623;MARKETING;255;0;255;0;0;255
A receber;134;Uniodonto Vale Historico;Operadora;382655;3;Taxa de Manutenção;10623;MANUTENÇÃO;1275;0;1275;0;0;1275
A receber;128;Uniodonto Taubate;Operadora;319350;4;Fundo de Marketing;10622;MARKETING;153;0;153;0;0;153
A receber;128;Uniodonto Taubate;Operadora;319350;3;Taxa de Manutenção;10622;MANUTENÇÃO;765;0;765;0;0;765
A receber;128;Uniodonto Taubate;Operadora;319350;5;Juros;10622;ATUARIO;121,22;0;121,22;0;0;121,22
A receber;120;Uniodonto Taquaritinga;Operadora;350290;5;Juros;10621;LGPD;1392,68;0;1392,68;0;0;1392,68
A receber;120;Uniodonto Taquaritinga;Operadora;350290;4;Fundo de Marketing;10621;MARKETING;71,4;0;71,4;0;0;71,4
A receber;120;Uniodonto Taquaritinga;Operadora;350290;3;Taxa de Manutenção;10621;MANUTENÇÃO;357;0;357;0;0;357
A receber;120;Uniodonto Taquaritinga;Operadora;350290;5;Juros;10621;COFINS;70,24;0;70,24;0;0;70,24
A receber;31;Uniodonto Sorocaba;Operadora;334243;4;Fundo de Marketing;10620;MARKETING;346,8;0;346,8;0;0;346,8
A receber;31;Uniodonto Sorocaba;Operadora;334243;3;Taxa de Manutenção;10620;MANUTENÇÃO;1734;0;1734;0;0;1734
A receber;85;Uniodonto Sertaozinho;Operadora;373109;4;Fundo de Marketing;10619;MARKETING;153;0;153;0;0;153
A receber;85;Uniodonto Sertaozinho;Operadora;373109;3;Taxa de Manutenção;10619;MANUTENÇÃO;765;0;765;0;0;765
A receber;85;Uniodonto Sertaozinho;Operadora;373109;5;Juros;10619;ATUARIO;121,22;0;121,22;0;0;121,22
A receber;66;Uniodonto Sao Jose dos Campos;Operadora;313751;4;Fundo de Marketing;10618;MARKETING;652,8;0;652,8;0;0;652,8
A receber;66;Uniodonto Sao Jose dos Campos;Operadora;313751;3;Taxa de Manutenção;10618;MANUTENÇÃO;3264;0;3264;0;0;3264
A receber;26;Uniodonto Sao Jose do Rio Preto;Operadora;303259;4;Fundo de Marketing;10617;MARKETING;153;0;153;0;0;153
A receber;26;Uniodonto Sao Jose do Rio Preto;Operadora;303259;3;Taxa de Manutenção;10617;MANUTENÇÃO;765;0;765;0;0;765
A pagar;84;Uniodonto Lins;Operadora;344681;2;Repasse em Custo Operacional;39252/25F;comp 05/2025;768,49;0;768,49;11,53;0;756,96
A pagar;134;Uniodonto Vale Historico;Operadora;382655;2;Repasse em Custo Operacional;68374/25F;mai/25;21289,8;0;21289,8;319,35;0;20970,45
A pagar;34;Uniodonto Jundiai;Operadora;347795;2;Repasse em Custo Operacional;521471/43036;CO - 05/2025;22356,51;0;22356,51;335,35;0;22021,16
A pagar;34;Uniodonto Jundiai;Operadora;347795;1;Repasse em Pré-pagamento;520234/43016;REPASSE 05/2025;4479,01;0;4479,01;67,19;0;4411,82
A pagar;122;Uniodonto Botucatu;Operadora;347477;2;Repasse em Custo Operacional;28471/25F;mai/25;35270,62;0;35270,62;529,06;0;34741,56
A pagar;16;Uniodonto Piracicaba;Operadora;346004;2;Repasse em Custo Operacional;48707;CO - 05/2025;43017,31;0;43017,31;645,26;0;42372,05
A pagar;157;Uniodonto Rio Grande Litoral;Operadora;367966;2;Repasse em Custo Operacional;;CO - 05/2025;145,04;0;145,04;0;0;145,04
A pagar;120;Uniodonto Taquaritinga;Operadora;350290;1;Repasse em Pré-pagamento;FAT: 114652;jun/25;3071,51;0;3071,51;46,07;0;3025,44
A pagar;52;Uniodonto Ponta Grossa;Operadora;315818;2;Repasse em Custo Operacional;36939;Intercâmbio competência maio/2025;92,13;0;92,13;0;0;92,13
A pagar;24;Uniodonto Rio de Janeiro;Operadora;318230;1;Repasse em Pré-pagamento;;COMPETÊNCIA 05/2025;29,76;0;29,76;0;0;29,76
A pagar;62;Uniodonto Mato Grosso;Operadora;343404;2;Repasse em Custo Operacional;17329/25F;COMP.: 05.2025;1363,82;0;1363,82;20,46;0;1343,36
A receber;83;Uniodonto Catanduva;Operadora;354686;1;Repasse em Pré-pagamento;88429;REPASSE PRÉ PAGAMENTO UNIODONTO SÃO PAULO 20/06/2025;820,24;0;820,24;12,3;0;807,94
A pagar;24;Uniodonto Rio de Janeiro;Operadora;318230;2;Repasse em Custo Operacional;;COMPETÊNCIA 05/2025;55,5;0;55,5;0;0;55,5
A pagar;40;Uniodonto Fortaleza;Operadora;335258;2;Repasse em Custo Operacional;2777887;COMPETÊNCIA MAIO 2025;127,65;0;127,65;0;0;127,65
A pagar;128;Uniodonto Taubate;Operadora;319350;2;Repasse em Custo Operacional;12277;mai/25;10042,91;0;10042,91;150,64;0;9892,27
A receber;34;Uniodonto Jundiai;Operadora;347795;1;Repasse em Pré-pagamento;88428;REPASSE PRE PAGAMENTO (UNIODONTO DE SÃO PAULO) 20/06/2025;82,42;0;82,42;0;0;82,42
A pagar;31;Uniodonto Sorocaba;Operadora;334243;1;Repasse em Pré-pagamento;NF71856;mai/25;35507,99;0;35507,99;532,62;0;34975,37
A pagar;31;Uniodonto Sorocaba;Operadora;334243;2;Repasse em Custo Operacional;NF71857;mai/25;70451,7;0;70451,7;1056,78;0;69394,92
A pagar;83;Uniodonto Catanduva;Operadora;354686;1;Repasse em Pré-pagamento;70765/25F;mai/25;3848,39;0;3848,39;57,73;0;3790,66
A pagar;83;Uniodonto Catanduva;Operadora;354686;2;Repasse em Custo Operacional;70766/25F;mai/25;2158,21;0;2158,21;32,37;0;2125,84
A pagar;65;Uniodonto Rio Claro;Operadora;349011;1;Repasse em Pré-pagamento;28042/25F;05/2025 REPASSE;5680,51;0;5680,51;85,21;0;5595,3
A pagar;65;Uniodonto Rio Claro;Operadora;349011;2;Repasse em Custo Operacional;28043/25F;mai/25;13180,14;0;13180,14;197,7;0;12982,44
A pagar;132;Uniodonto Jales;Operadora;309257;2;Repasse em Custo Operacional;22130/25F;INTERCAMBIO;2322,12;0;2322,12;34,83;0;2287,29
A pagar;132;Uniodonto Jales;Operadora;309257;1;Repasse em Pré-pagamento;22127/25F;INTERCAMBIO;7615,86;0;7615,86;114,24;0;7501,62
A pagar;94;Uniodonto Sao Jose do Rio Pardo;Operadora;378682;2;Repasse em Custo Operacional;36995;MENSALIDADE;97,2;0;97,2;0;0;97,2
A pagar;6;Uniodonto Porto Alegre;Operadora;366439;2;Repasse em Custo Operacional;202534678;CO - 05/2025;409,22;0;409,22;0;0;409,22
A pagar;94;Uniodonto Sao Jose do Rio Pardo;Operadora;378682;2;Repasse em Custo Operacional;36985;intercâmbio;3680,39;0;3680,39;55,21;0;3625,18
A pagar;66;Uniodonto Sao Jose dos Campos;Operadora;313751;1;Repasse em Pré-pagamento;1845149;Repasse - 05/2025;5830,83;0;5830,83;87,46;0;5743,37
A pagar;66;Uniodonto Sao Jose dos Campos;Operadora;313751;2;Repasse em Custo Operacional;1845148;mai/25;33073,56;0;33073,56;496,1;0;32577,46
A pagar;156;UNIODONTO ESPIRITO SANTO COOPERATIVA ODONTOLOGICA;Operadora;370711;2;Repasse em Custo Operacional;409924;CO - 05/2025;276,39;0;276,39;0;0;276,39
A pagar;20;Uniodonto Goiania;Operadora;358436;2;Repasse em Custo Operacional;832765;"cobrança de intercambio	";21,09;0;21,09;0;0;21,09
A pagar;8;Uniodonto Campinas;Operadora;350494;2;Repasse em Custo Operacional;3163952;Serviços Prestados ;63724,73;0;63724,73;955,88;0;62768,85
A pagar;8;Uniodonto Campinas;Operadora;350494;1;Repasse em Pré-pagamento;3163970;Repasse Pessoa Física;682,76;0;682,76;10,24;0;672,52
A pagar;8;Uniodonto Campinas;Operadora;350494;1;Repasse em Pré-pagamento;3163968;Repasse Pessoa Jurídica;102748,33;0;102748,33;1541,22;0;101207,11
A pagar;129;Uniodonto Pindamonhangaba;Operadora;331104;2;Repasse em Custo Operacional;50716;Competência Faturamento 20/05/2025;9955,59;0;9955,59;149,33;0;9806,26
A pagar;129;Uniodonto Pindamonhangaba;Operadora;331104;1;Repasse em Pré-pagamento;50715;Competência Faturamento 20/05/2025;38495,13;0;38495,13;577,43;0;37917,7
A pagar;51;Uniodonto Bebedouro;Operadora;327093;1;Repasse em Pré-pagamento;68825;mai/25;12796,77;0;12796,77;191,95;0;12604,82
A pagar;51;Uniodonto Bebedouro;Operadora;327093;2;Repasse em Custo Operacional;68826;mai/25;5288,78;0;5288,78;79,33;0;5209,45
A pagar;182;Uniodonto Pocos de Caldas;Operadora;409791;2;Repasse em Custo Operacional;;CO - 04/2025;2022,79;0;2022,79;30,34;0;1992,45
A pagar;1;UNIODONTO DO BRASIL;Operadora;314315;2;Repasse em Custo Operacional;10146387/144089;CO - 05/2025;7198,85;0;7233,41;107,98;0;7090,87
A receber;8;Uniodonto Campinas;Operadora;350494;1;Repasse em Pré-pagamento;88427; REPASSE PRE PAGAMENTO (UNIODONTO DE SÃO PAULO) 20/06/2025;1130,4;0;1130,4;16,96;0;1113,44
A pagar;160;Uniodonto Passos;Operadora;419729;2;Repasse em Custo Operacional;85279;CO - 05/2025;7624,22;0;7624,22;114,36;0;7509,86
A pagar;61;Uniodonto Sul Fluminense;Operadora;363171;2;Repasse em Custo Operacional;;INTERCAMBIO REPASSADO;127,65;0;127,65;0;0;127,65
A receber;909;Federacao Santa Catarina;Operadora;415626;1;Repasse em Pré-pagamento;88426; REPASSE PRE PAGAMENTO (UNIODONTO DE SÃO PAULO) 20/06/2025;93,57;0;93,57;0;0;93,57
A receber;11;UNIODONTO DE SC COOPERATIVA ADMINISTRADORA DE CONTRATOS;Operadora;342203;1;Repasse em Pré-pagamento;88425;REPASSE PRE PAGAMENTO (UNIODONTO DE SÃO PAULO) 20/06/2025;111,66;0;111,66;0;0;111,66
A pagar;28;Uniodonto Sao Carlos;Operadora;335525;2;Repasse em Custo Operacional;00965/25F;INTERC REPASSE - SERV PRESTADO;3991,19;0;3991,19;59,87;0;3931,32
A pagar;28;Uniodonto Sao Carlos;Operadora;335525;1;Repasse em Pré-pagamento;00939/25F;REPASSE;4189,2;0;4189,2;62,84;0;4126,36
A pagar;17;Uniodonto Rio Grande do Norte;Operadora;345318;2;Repasse em Custo Operacional;1888716;FATURAMENTO VENC 20/06;92,87;0;92,87;0;0;92,87
A pagar;42;UNIODONTO SUDESTE MINEIRO COOPERATIVA DE SAUDE ODONTOLOGICA LTDA;Operadora;327441;2;Repasse em Custo Operacional;215143/28754;CO - 05/2025;269,73;0;269,73;0;0;269,73
A pagar;37;Uniodonto Manaus;Operadora;311391;1;Repasse em Pré-pagamento;NF588975;REF. MAIO 2025 - REPASSE;6497,15;0;6497,15;97,46;0;6399,69
A pagar;26;Uniodonto Sao Jose do Rio Preto;Operadora;303259;2;Repasse em Custo Operacional;55102/25F;ref. 20-06-2025;15347,97;0;15347,97;230,22;0;15117,75
A pagar;26;Uniodonto Sao Jose do Rio Preto;Operadora;303259;1;Repasse em Pré-pagamento;55095/25F;repasse - 20-06-2025;1278,42;0;1278,42;19,18;0;1259,24
A pagar;48;Uniodonto Araraquara;Operadora;316997;1;Repasse em Pré-pagamento;79446;mai/25;4686,41;0;4686,41;70,3;0;4616,11
A pagar;48;Uniodonto Araraquara;Operadora;316997;2;Repasse em Custo Operacional;74469;mai/25;39227,77;0;39227,77;588,42;0;38639,35
A pagar;79;Uniodonto Jacarei;Operadora;343056;1;Repasse em Pré-pagamento;25574;Repasse Apeoesp;2400,76;0;2400,76;36,01;0;2364,75
A pagar;79;Uniodonto Jacarei;Operadora;343056;2;Repasse em Custo Operacional;25625;Referente Mês 05/2025;5693,19;0;5693,19;85,4;0;5607,79
A pagar;113;Uniodonto Aracatuba;Operadora;362824;2;Repasse em Custo Operacional;25745;ORÇAMENTOS;3344,43;0;3344,43;50,17;0;3294,26
A pagar;113;Uniodonto Aracatuba;Operadora;362824;1;Repasse em Pré-pagamento;25628;MENSALIDADE;6086,98;0;6086,98;91,3;0;5995,68
A pagar;134;Uniodonto Vale Historico;Operadora;382655;1;Repasse em Pré-pagamento;;mai/25;7924,43;0;7924,43;0;0;7924,43
A pagar;85;Uniodonto Sertaozinho;Operadora;373109;2;Repasse em Custo Operacional;;FATURAMENTO 20.06.2025;8029;0;8029;120,44;0;7908,56
A pagar;85;Uniodonto Sertaozinho;Operadora;373109;1;Repasse em Pré-pagamento;;FATURAMENTO 20.06.2025;105,79;0;105,79;0;0;105,79
A pagar;45;UNIODONTO REGIONAL DE UBERLANDIA;Operadora;344451;2;Repasse em Custo Operacional;10665189/759277;CO - 05/2025;52,54;0;52,54;0;0;52,54
A pagar;29;Uniodonto Belem;Operadora;368555;2;Repasse em Custo Operacional;01135/25F;mai/25;8828,2;0;8828,2;132,42;0;8695,78
A pagar;37;Uniodonto Manaus;Operadora;311391;2;Repasse em Custo Operacional;NF588955;REF. MAIO 2025;1231,73;0;1231,73;18,48;0;1213,25
A pagar;144;Uniodonto Pirassununga;Operadora;378941;2;Repasse em Custo Operacional;6145/NFE;serviço prestado;4253,52;0;4253,52;63,8;0;4189,72
A pagar;16;Uniodonto Piracicaba;Operadora;346004;1;Repasse em Pré-pagamento;48675;PP - 05/2025;31102,69;0;31102,69;466,54;0;30636,15
A receber;90;Uniodonto Cacapava;Operadora;347302;2;Repasse em Custo Operacional;88027;Repasse de Mensalidades ;206,1;0;206,1;0;0;206,1
A receber;113;Uniodonto Aracatuba;Operadora;362824;2;Repasse em Custo Operacional;88026;Repasse de Mensalidades ;294,96;0;294,96;0;0;294,96
A receber;51;Uniodonto Bebedouro;Operadora;327093;2;Repasse em Custo Operacional;88025;Repasse de Mensalidades ;1927,8;0;1927,8;0;0;1927,8
A receber;94;Uniodonto Sao Jose do Rio Pardo;Operadora;378682;2;Repasse em Custo Operacional;88026;Repasse de Mensalidades ;122,9;0;122,9;0;0;122,9
A pagar;59;Uniodonto Americana;Operadora;347604;2;Repasse em Custo Operacional;1031128;CUSTO OPERACIONAL;30391,8;0;30391,8;455,88;0;29935,92
A pagar;93;UNIODONTO METROPOLITANA COOPERATIVA ODONTOLOGICA;Operadora;382337;2;Repasse em Custo Operacional;18879/25F;mai/25;21,09;0;21,09;0;0;21,09
A receber;45;UNIODONTO REGIONAL DE UBERLANDIA;Operadora;344451;2;Repasse em Custo Operacional;88381;FATURAMENTO A RECEBER CÂMARA 20.06.2025;3104,67;0;3104,67;46,57;0;3058,1
A receber;15;Uniodonto Uberaba;Operadora;370568;2;Repasse em Custo Operacional;88398;FATURAMENTO A RECEBER CÂMARA 20.06.2025;66,23;0;66,23;0;0;66,23
A receber;128;Uniodonto Taubate;Operadora;319350;2;Repasse em Custo Operacional;88397;FATURAMENTO A RECEBER CÂMARA 20.06.2025;233,84;0;233,84;0;0;233,84
A receber;56;Uniodonto Sul Goiano;Operadora;358339;2;Repasse em Custo Operacional;88396;FATURAMENTO A RECEBER CÂMARA 20.06.2025;92,13;0;92,13;0;0;92,13
A receber;61;Uniodonto Sul Fluminense;Operadora;363171;2;Repasse em Custo Operacional;88395;FATURAMENTO A RECEBER CÂMARA 20.06.2025;70,3;0;70,3;0;0;70,3
A receber;31;Uniodonto Sorocaba;Operadora;334243;2;Repasse em Custo Operacional;88394;FATURAMENTO A RECEBER CÂMARA 20.06.2025;1800,42;0;1800,42;27,01;0;1773,41
A receber;85;Uniodonto Sertaozinho;Operadora;373109;2;Repasse em Custo Operacional;88393;FATURAMENTO A RECEBER CÂMARA 20.06.2025;21,09;0;21,09;0;0;21,09
A receber;66;Uniodonto Sao Jose dos Campos;Operadora;313751;2;Repasse em Custo Operacional;88392;FATURAMENTO A RECEBER CÂMARA 20.06.2025;5134,12;0;5134,12;77,01;0;5057,11
A receber;26;Uniodonto Sao Jose do Rio Preto;Operadora;303259;2;Repasse em Custo Operacional;88391;FATURAMENTO A RECEBER CÂMARA 20.06.2025;449,92;0;449,92;0;0;449,92
A receber;28;Uniodonto Sao Carlos;Operadora;335525;2;Repasse em Custo Operacional;88390;FATURAMENTO A RECEBER CÂMARA 20.06.2025;70,3;0;70,3;0;0;70,3
A receber;11;UNIODONTO DE SC COOPERATIVA ADMINISTRADORA DE CONTRATOS;Operadora;342203;2;Repasse em Custo Operacional;88396;FATURAMENTO A RECEBER CÂMARA 20.06.2025;2797,94;0;2797,94;41,97;0;2755,97
A receber;166;Uniodonto Rondonia;Operadora;336025;2;Repasse em Custo Operacional;88385;FATURAMENTO A RECEBER CÂMARA 20.06.2025;184,26;0;184,26;0;0;184,26
A receber;17;Uniodonto Rio Grande do Norte;Operadora;345318;2;Repasse em Custo Operacional;88384;FATURAMENTO A RECEBER CÂMARA 20.06.2025;114,33;0;114,33;0;0;114,33
A receber;65;Uniodonto Rio Claro;Operadora;349011;2;Repasse em Custo Operacional;88383;FATURAMENTO A RECEBER CÂMARA 20.06.2025;71,04;0;71,04;0;0;71,04
A receber;170;Uniodonto Resende;Operadora;406121;2;Repasse em Custo Operacional;88382;FATURAMENTO A RECEBER CÂMARA 20.06.2025;557,22;0;557,22;0;0;557,22
A receber;75;Uniodonto Presidente Prudente;Operadora;336017;2;Repasse em Custo Operacional;88380;FATURAMENTO A RECEBER CÂMARA 20.06.2025;1776;0;1776;26,64;0;1749,36
A receber;6;Uniodonto Porto Alegre;Operadora;366439;2;Repasse em Custo Operacional;88379;FATURAMENTO A RECEBER CÂMARA 20.06.2025;3880,56;0;3880,56;58,21;0;3822,35
A receber;182;Uniodonto Pocos de Caldas;Operadora;409791;2;Repasse em Custo Operacional;88378;FATURAMENTO A RECEBER CÂMARA 20.06.2025;498,39;0;498,39;0;0;498,39
A receber;16;Uniodonto Piracicaba;Operadora;346004;2;Repasse em Custo Operacional;88402;FATURAMENTO A RECEBER CÂMARA 20.06.2025;738,15;0;738,15;11,07;0;727,08
A receber;129;Uniodonto Pindamonhangaba;Operadora;331104;2;Repasse em Custo Operacional;88377;FATURAMENTO A RECEBER CÂMARA 20.06.2025;495,43;0;495,43;0;0;495,43
A receber;98;Uniodonto Maringa;Operadora;381144;2;Repasse em Custo Operacional;88375;FATURAMENTO A RECEBER CÂMARA 20.06.2025;906,5;0;906,5;13,6;0;892,9
A receber;37;Uniodonto Manaus;Operadora;311391;2;Repasse em Custo Operacional;88374;FATURAMENTO A RECEBER CÂMARA 20.06.2025;1763,79;0;1763,79;26,46;0;1737,33
A receber;38;Uniodonto Maceio;Operadora;321125;2;Repasse em Custo Operacional;88373;FATURAMENTO A RECEBER CÂMARA 20.06.2025;1501,09;0;1501,09;22,52;0;1478,57
A receber;43;Uniodonto Limeira;Operadora;369462;2;Repasse em Custo Operacional;88371;FATURAMENTO A RECEBER CÂMARA 20.06.2025;423,65;0;423,65;0;0;423,65
A receber;34;Uniodonto Jundiai;Operadora;347795;2;Repasse em Custo Operacional;88370;FATURAMENTO A RECEBER CÂMARA 20.06.2025;3982,31;0;3982,31;59,73;0;3922,58
A receber;79;Uniodonto Jacarei;Operadora;343056;2;Repasse em Custo Operacional;88369;FATURAMENTO A RECEBER CÂMARA 20.06.2025;3247,49;0;3247,49;48,71;0;3198,78
A receber;41;Uniodonto Itajuba;Operadora;419028;2;Repasse em Custo Operacional;88368;FATURAMENTO A RECEBER CÂMARA 20.06.2025;70,3;0;70,3;0;0;70,3
A pagar;121;Uniodonto Fernandopolis;Operadora;301647;2;Repasse em Custo Operacional;23509/25F;INTERCÂMBIO;925;0;925;13,88;0;911,12
A receber;20;Uniodonto Goiania;Operadora;358436;2;Repasse em Custo Operacional;88367;FATURAMENTO A RECEBER CÂMARA 20.06.2025;657,86;0;657,86;0;0;657,86
A receber;104;Uniodonto Garanhuns;Operadora;342335;2;Repasse em Custo Operacional;88366;FATURAMENTO A RECEBER CÂMARA 20.06.2025;70,3;0;70,3;0;0;70,3
A receber;40;Uniodonto Fortaleza;Operadora;335258;2;Repasse em Custo Operacional;88431;FATURAMENTO A RECEBER CÂMARA 20.06.2025;254,56;0;254,56;0;0;254,56
A receber;909;Federacao Santa Catarina;Operadora;415626;2;Repasse em Custo Operacional;88387;FATURAMENTO A RECEBER CÂMARA 20.06.2025;3703,33;0;3703,33;55,55;0;3647,78
A receber;801;UNIODONTO RS FEDERACAO DAS COOPERATIVAS;Operadora;305421;2;Repasse em Custo Operacional;88365;FATURAMENTO A RECEBER CÂMARA 20.06.2025;44,4;0;44,4;0;0;44,4
A receber;93;UNIODONTO METROPOLITANA COOPERATIVA ODONTOLOGICA;Operadora;382337;2;Repasse em Custo Operacional;88364;FATURAMENTO A RECEBER CÂMARA 20.06.2025;803,27;0;803,27;12,05;0;791,22
A receber;83;Uniodonto Catanduva;Operadora;354686;2;Repasse em Custo Operacional;88363;FATURAMENTO A RECEBER CÂMARA 20.06.2025;122,1;0;122,1;0;0;122,1
A receber;4;Uniodonto Campo Grande;Operadora;347183;2;Repasse em Custo Operacional;88362;FATURAMENTO A RECEBER CÂMARA 20.06.2025;50,69;0;50,69;0;0;50,69
A pagar;84;Uniodonto Lins;Operadora;344681;1;Repasse em Pré-pagamento;39255/25F;comp 05/2025;2402,93;0;2402,93;36,04;0;2366,89
A pagar;41;Uniodonto Itajuba;Operadora;419028;2;Repasse em Custo Operacional;74240/21709;CO - 05/2025;192,03;0;192,03;0;0;192,03
A pagar;72;Uniodonto Avare;Operadora;311669;2;Repasse em Custo Operacional;30222/25F;INTERCAMBIO;1489,99;0;1489,99;22,35;0;1467,64
A pagar;90;Uniodonto Cacapava;Operadora;347302;2;Repasse em Custo Operacional;11815;Faturamento mês 05/2025;1493,69;0;1493,69;22,41;0;1471,28
A pagar;90;Uniodonto Cacapava;Operadora;347302;2;Repasse em Custo Operacional;11814;Repasse de mensalidades;975,71;0;975,71;14,64;0;961,07
A pagar;98;Uniodonto Maringa;Operadora;381144;2;Repasse em Custo Operacional;NF 279359;mai/25;142,82;0;142,82;0;0;142,82
A pagar;801;UNIODONTO RS FEDERACAO DAS COOPERATIVAS;Operadora;305421;2;Repasse em Custo Operacional;44535;Intercâmbio pós pagamento;173,53;0;173,53;0;0;173,53
A pagar;100;Uniodonto Votuporanga;Operadora;350630;2;Repasse em Custo Operacional;67168/25F;Intercambio;1274,65;0;1274,65;19,12;0;1255,53
A pagar;100;Uniodonto Votuporanga;Operadora;350630;1;Repasse em Pré-pagamento;67169/25F;Repasse;1892,39;0;1892,39;28,39;0;1864
A pagar;76;Uniodonto Athenas Paulista;Operadora;340120;1;Repasse em Pré-pagamento;6672;PP 05/2025;45434,08;0;45434,08;681,51;0;44752,57
A pagar;76;Uniodonto Athenas Paulista;Operadora;340120;2;Repasse em Custo Operacional;6650;C.O Comp 04/2025;17927,61;0;17927,61;268,91;0;17658,7
A pagar;46;Uniodonto Londrina;Operadora;350770;2;Repasse em Custo Operacional;244043;SERVIÇOS PRESTADOS 05/2025;223,85;0;223,85;0;0;223,85
A pagar;19;Uniodonto Salvador;Operadora;310107;2;Repasse em Custo Operacional;COMP.05.2025;CAMARA 20.06.2025;298,22;0;298,22;0;0;298,22
A receber;138;Uniodonto Amapá;Operadora;365785;2;Repasse em Custo Operacional;88354;FATURAMENTO A RECEBER CÂMARA 20.06.2025;11,1;0;11,1;0;0;11,1
A receber;59;Uniodonto Americana;Operadora;347604;2;Repasse em Custo Operacional;88355;FATURAMENTO A RECEBER CÂMARA 20.06.2025;582,38;0;582,38;0;0;582,38
A receber;48;Uniodonto Araraquara;Operadora;316997;2;Repasse em Custo Operacional;88356;FATURAMENTO A RECEBER CÂMARA 20.06.2025;1093,72;0;1093,72;16,41;0;1077,31
A receber;29;Uniodonto Belem;Operadora;368555;2;Repasse em Custo Operacional;88357;FATURAMENTO A RECEBER CÂMARA 20.06.2025;1063,01;0;1063,01;15,95;0;1047,06
A receber;122;Uniodonto Botucatu;Operadora;347477;2;Repasse em Custo Operacional;88358;FATURAMENTO A RECEBER CÂMARA 20.06.2025;207,94;0;207,94;0;0;207,94
A receber;1;UNIODONTO DO BRASIL;Operadora;314315;2;Repasse em Custo Operacional;88359;FATURAMENTO A RECEBER CÂMARA 20.06.2025;25882,56;0;25882,56;388,24;0;25494,32
A receber;90;Uniodonto Cacapava;Operadora;347302;2;Repasse em Custo Operacional;88361;FATURAMENTO A RECEBER CÂMARA 20.06.2025;62,53;0;62,53;0;0;62,53
A receber;8;Uniodonto Campinas;Operadora;350494;2;Repasse em Custo Operacional;88405;FATURAMENTO A RECEBER CÂMARA 20.06.2025;53969,31;0;53969,31;809,54;0;53159,77
A receber;101;UNIODONTO CENTRO OESTE PAULISTA - COOPERATIVA ODONTOLOGICA;Prestadora;354821;5;Juros;10607;ATUARIO;121,22;0;121,22;0;0;121,22
A receber;101;UNIODONTO CENTRO OESTE PAULISTA - COOPERATIVA ODONTOLOGICA;Prestadora;354821;3;Taxa de Manutenção;10607;MANUTENÇÃO;357;0;357;0;0;357
A receber;101;UNIODONTO CENTRO OESTE PAULISTA - COOPERATIVA ODONTOLOGICA;Prestadora;354821;4;Fundo de Marketing;10607;MARKETING;71,4;0;71,4;0;0;71,4
A receber;155;Uniodonto Braganca Paulista;Prestadora;;4;Fundo de Marketing;10597;MARKETING;51;0;51;0;0;51
A receber;155;Uniodonto Braganca Paulista;Prestadora;;3;Taxa de Manutenção;10597;MANUTENÇÃO;255;0;255;0;0;255
A receber;155;Uniodonto Braganca Paulista;Prestadora;;5;Juros;10597;COFINS;70,24;0;70,24;0;0;70,24
A pagar;101;UNIODONTO CENTRO OESTE PAULISTA - COOPERATIVA ODONTOLOGICA;Prestadora;354821;2;Repasse em Custo Operacional;174632/12794;CO - 06/2025;29884,16;0;29884,16;448,26;0;29435,9
A receber;101;UNIODONTO CENTRO OESTE PAULISTA - COOPERATIVA ODONTOLOGICA;Prestadora;354821;2;Repasse em Custo Operacional;88430;FATURAMENTO A RECEBER CÂMARA 20.06.2025;398,86;0;398,86;0;0;398,86
A pagar;101;UNIODONTO CENTRO OESTE PAULISTA - COOPERATIVA ODONTOLOGICA;Prestadora;354821;1;Repasse em Pré-pagamento;;repasse em pre pagamento;62212,62;0;62212,62;933,18;0;61279,44
A receber;63;Uniodonto Patrocinio;Prestadora;;2;Repasse em Custo Operacional;88376;FATURAMENTO A RECEBER CÂMARA 20.06.2025;953,86;0;953,86;14,31;0;939,55
A receber;2;Uniodonto Santos;Prestadora;;5;Juros;;CONVENÇÃO FEDERAÇÃO PAULISTA 2025;330;0;330;0;0;330
A pagar;2;Uniodonto Santos;Prestadora;;2;Repasse em Custo Operacional;19221;mai/25;19098,29;0;19098,29;286,47;0;18811,82
A pagar;2;Uniodonto Santos;Prestadora;;1;Repasse em Pré-pagamento;19222;05/2025 (Repasse);3697,92;0;3697,92;55,47;0;3642,45
A pagar;190;UNIODONTO SANTA CATARINA COOPERATIVA ODONTOLOGICA;Prestadora;;2;Repasse em Custo Operacional;25097;CUSTO OPERACIONAL;3124,28;0;3124,28;46,86;0;3077,42
A pagar;190;UNIODONTO SANTA CATARINA COOPERATIVA ODONTOLOGICA;Prestadora;;1;Repasse em Pré-pagamento;25061;REPASSE;521,3;0;521,3;0;0;521,3
A pagar;155;Uniodonto Braganca Paulista;Prestadora;;2;Repasse em Custo Operacional;329;intercambio;8378,65;0;8378,65;125,68;0;8252,97
A receber;190;UNIODONTO SANTA CATARINA COOPERATIVA ODONTOLOGICA;Prestadora;;2;Repasse em Custo Operacional;88388;FATURAMENTO A RECEBER CÂMARA 20.06.2025;71,04;0;71,04;0;0;71,04
A pagar;78;UNIODONTO DE ITABUNA;Prestadora;402010;2;Repasse em Custo Operacional;;PRODUÇÃO 05;1246,16;0;1246,16;18,69;0;1227,47
A receber;2;Uniodonto Santos;Prestadora;;2;Repasse em Custo Operacional;88389;FATURAMENTO A RECEBER CÂMARA 20.06.2025;2067,56;0;2067,56;31,01;0;2036,55
A pagar;176;Uniodonto Nova Iguacu;Prestadora;314315176;2;Repasse em Custo Operacional;;CO - 05/2025;65,12;0;65,12;0;0;65,12
A receber;155;Uniodonto Braganca Paulista;Prestadora;;2;Repasse em Custo Operacional;88359;FATURAMENTO A RECEBER CÂMARA 20.06.2025;40,7;0;40,7;0;0;40,7
A pagar;9;Uniodonto Belo Horizonte;Prestadora;409791009;2;Repasse em Custo Operacional;2025117;CO - 05/2025;404,04;0;404,04;0;0;404,04
A receber;2;Uniodonto Santos;Prestadora;;4;Fundo de Marketing;10614;MARKETING;102;0;102;0;0;102
A receber;2;Uniodonto Santos;Prestadora;;3;Taxa de Manutenção;10614;MANUTENÇÃO;510;0;510;0;0;510
A receber;2;Uniodonto Santos;Prestadora;;5;Juros;10614;COFINS;70,24;0;70,24;0;0;70,24
A pagar;192;Uniodonto Curitiba;Prestadora;314315192;2;Repasse em Custo Operacional;3336;CO - 06/2025;1561,77;0;1561,77;23,43;0;1538,34
